00nbnyg8lv.jpg,ALB
00w6uh7ij9.jpg,YFT
03id3d30l2.jpg,ALB
05yjz3psm1.jpg,YFT
06jxolt55u.jpg,YFT
0avxnwt9um.jpg,ALB
0d8hm6n55j.jpg,ALB
0edoav8e0z.jpg,NoF
0hx2606unb.jpg,NoF
0jc0hgxjxr.jpg,ALB
0k9dtsayn1.jpg,ALB
0q6715uigp.jpg,NoF
0qt2gp4wit.jpg,ALB
0upm8i43k3.jpg,ALB
0xbqoulti0.jpg,YFT
115e0zsao7.jpg,ALB
194w7wb14m.jpg,YFT
1jswyuqi8b.jpg,ALB
1jzsst6gmr.jpg,YFT
1o1cyr5xgs.jpg,ALB
1qkmtazwpr.jpg,ALB
1rludqw9la.jpg,ALB
1tpuxhcqb5.jpg,NoF
1u7r6lfft1.jpg,ALB
1utwgwmdc9.jpg,YFT
1uumurbg3g.jpg,ALB
1z49jk9pm1.jpg,YFT
26cz8xtfu1.jpg,ALB
2791vooil9.jpg,ALB
2g8yxy5x2i.jpg,NoF
2ijlyl3ymh.jpg,YFT
2n840vv0gp.jpg,YFT
2nfwwwchuj.jpg,ALB
2p19gfdfkq.jpg,ALB
2t7av5tny6.jpg,NoF
2zsqm9sg7g.jpg,NoF
30ksomibzk.jpg,ALB
35xu1uqd70.jpg,NoF
3683s6jyp9.jpg,YFT
3ahs2o44d0.jpg,YFT
3c1h9pf9yz.jpg,ALB
3co14h452e.jpg,YFT
3ho3iw12vf.jpg,ALB
3ivp85p9wy.jpg,ALB
3k06jc4at8.jpg,NoF
3ntubzbteq.jpg,YFT
3o0avflb44.jpg,NoF
3ow0vjilkd.jpg,YFT
3oxnbhup3v.jpg,ALB
3p6w4jq8ku.jpg,YFT
3suhxwqfs2.jpg,YFT
3u5h8gfgqf.jpg,NoF
3ykqk08lmb.jpg,YFT
47m8z3qz6s.jpg,YFT
497mlhi029.jpg,YFT
49wqfdzalt.jpg,YFT
4h8zaxi4nk.jpg,NoF
4hlv9a46v6.jpg,YFT
4jyqwnm5jd.jpg,ALB
4lpfuhdbwu.jpg,YFT
4qnm2hhnsk.jpg,ALB
4rf0noj0lk.jpg,ALB
4tr0lje8xm.jpg,NoF
4w7w6ik0eg.jpg,ALB
519ky0secm.jpg,NoF
5h3fn892w6.jpg,ALB
5hckwohq25.jpg,ALB
5ijxyita6q.jpg,ALB
5kn88fosco.jpg,ALB
5lalqp0jvo.jpg,NoF
5mj1l2ltba.jpg,ALB
5mrghr63dx.jpg,ALB
5o43z8gq1r.jpg,ALB
5r83h9xz8d.jpg,NoF
5rvcz8j6jj.jpg,ALB
5u5f27wq9j.jpg,YFT
5xh0hgxjw8.jpg,ALB
60makt5kgv.jpg,YFT
61vdbm992d.jpg,NoF
62comkr6yc.jpg,YFT
67szlwjboo.jpg,ALB
68i90jvzp9.jpg,YFT
69olqaj64u.jpg,ALB
6az5f9zvpe.jpg,ALB
6dcly1e9jg.jpg,ALB
6gzwxg42nh.jpg,ALB
6i8n1bn1tv.jpg,ALB
6mntsaxok5.jpg,NoF
6vm6irl187.jpg,NoF
6yycstzq4n.jpg,NoF
704eneg3w8.jpg,ALB
71vjlooa1m.jpg,ALB
74x7cqd5m6.jpg,NoF
79th8y2rxj.jpg,YFT
7bsqdo85vr.jpg,NoF
7j2rot1bbb.jpg,ALB
7n7sq0i6dx.jpg,NoF
7qw30zc3wb.jpg,NoF
7ypn4k2qjx.jpg,ALB
82hilu8tia.jpg,ALB
84d9efkcoe.jpg,ALB
8h7zxqwxn5.jpg,YFT
8nzuu3fc10.jpg,YFT
8ou4im0b1h.jpg,ALB
8tnthv8sn1.jpg,NoF
8vn28bl5ws.jpg,YFT
8wnfreniyp.jpg,ALB
8zoe1b1q7u.jpg,YFT
91a1myrgau.jpg,NoF
92x08l191c.jpg,NoF
94uwif0men.jpg,YFT
960ow3puq4.jpg,NoF
96mt5zjb4a.jpg,ALB
978ynuo211.jpg,ALB
99v6mmrn6k.jpg,YFT
9d8j8djgzl.jpg,YFT
9dmfvg73oo.jpg,YFT
9hyi3kwsmg.jpg,NoF
9lt8ath9hl.jpg,ALB
9m49xjrut6.jpg,YFT
9ng55fyk4n.jpg,ALB
9qev6zflk4.jpg,ALB
9vadgnqg8e.jpg,ALB
9yfa3ovf6w.jpg,YFT
9ywbfayvla.jpg,NoF
a9ehasvv9g.jpg,YFT
abwh86bbs7.jpg,NoF
afiuauorp9.jpg,ALB
ahqy2pmn7x.jpg,ALB
aknm7pbkuc.jpg,YFT
alaqxxv786.jpg,NoF
aqzpfimjxc.jpg,YFT
asw61s3ubv.jpg,YFT
au89vnb4kl.jpg,YFT
auv0euzrxv.jpg,YFT
b0vxvp1x3v.jpg,YFT
b61y6vgrmy.jpg,YFT
b9n2s8wybs.jpg,YFT
b9sl5isjuk.jpg,NoF
be15686gzp.jpg,ALB
bgtifga9ha.jpg,NoF
blel5d9ofo.jpg,ALB
bp671crrkb.jpg,NoF
bq9ilv7g25.jpg,ALB
bsg3rnvcdc.jpg,ALB
bxoqjn9638.jpg,YFT
c7lsx6ajiq.jpg,ALB
c9i7zdlmbf.jpg,ALB
cbpjk2cdvg.jpg,NoF
cf3xhj3lj8.jpg,YFT
cg1f715lol.jpg,ALB
cjuss2ouhx.jpg,YFT
cseycjdxe6.jpg,YFT
cttuy8hbk9.jpg,ALB
cz5jt7g31a.jpg,ALB
czczwkf3md.jpg,ALB
d33pojicka.jpg,ALB
d87plzdzbn.jpg,YFT
da2cpa1bq2.jpg,ALB
deqpr199as.jpg,ALB
dfyugrunxw.jpg,ALB
dhculwpgu2.jpg,YFT
dl4uicpsxc.jpg,ALB
dl7ylsahtw.jpg,ALB
dm8uc33sit.jpg,YFT
dngmiwn3ok.jpg,YFT
dnmpcp99dt.jpg,YFT
e17kuxvm3e.jpg,ALB
e22k1c3u6l.jpg,YFT
e2c66z2ou1.jpg,ALB
e6bmqq68tu.jpg,YFT
earyjntfwu.jpg,ALB
efbxsh1hfr.jpg,ALB
ej0qrme2rj.jpg,YFT
emtyqdev39.jpg,YFT
epwwinyl2d.jpg,NoF
eqqnwon64i.jpg,YFT
ere4zi5hgq.jpg,ALB
esn6bp8ed4.jpg,ALB
ex2hy7c4kb.jpg,YFT
f18rp6pqig.jpg,YFT
f1wmpfwxja.jpg,YFT
f5qlbr1wvq.jpg,ALB
f6d5qvwdxw.jpg,ALB
f9cmpigmpc.jpg,ALB
fb2gi6wbf8.jpg,ALB
ff3o7chyij.jpg,ALB
fiif4uzu3w.jpg,YFT
fkwwgmt90g.jpg,ALB
fvc2uqxgt1.jpg,ALB
gbryfbsvfz.jpg,ALB
gc41cr4pru.jpg,YFT
gcg8ljsbnj.jpg,ALB
gcov9zu7s2.jpg,YFT
gjkjjn2edt.jpg,YFT
gomb4pfc3c.jpg,YFT
h8oh2gi85y.jpg,YFT
hb8buc7gmt.jpg,ALB
hbk8r70kiy.jpg,NoF
hfurnz2twx.jpg,ALB
hjmmv8pyah.jpg,NoF
hmz4uj9l9h.jpg,YFT
hnnqtwkjae.jpg,YFT
hsqw6gf4lm.jpg,YFT
hv80i0gwvx.jpg,ALB
hyfdsfzho4.jpg,ALB
i11mtwyyub.jpg,NoF
i4zkpphnjr.jpg,ALB
ibvndj0diy.jpg,YFT
icnrarbgit.jpg,NoF
ifsx8lp4h7.jpg,ALB
iia2spzk4d.jpg,YFT
iiooqz6r6b.jpg,ALB
ijijjdlcdq.jpg,ALB
imd9awxo0z.jpg,YFT
ipamaev8wk.jpg,ALB
ipclx2y64x.jpg,NoF
iqr0rzrr7q.jpg,ALB
isbsopetg9.jpg,YFT
itbynhe2kk.jpg,ALB
j3xl5t953m.jpg,ALB
j4xe4u6e0z.jpg,NoF
j7gi6nad7d.jpg,NoF
je35kv9au8.jpg,ALB
jf1ctzc9ez.jpg,NoF
jfn8rxm45y.jpg,NoF
jig6yhl9s4.jpg,ALB
js5goa3wz7.jpg,ALB
jvj3fwo7ia.jpg,YFT
k1b01ykgpo.jpg,ALB
k2sfmmghca.jpg,ALB
k2wxbvtje9.jpg,ALB
k56wvr8v6y.jpg,YFT
k61u11sd8m.jpg,YFT
k6ba9lo1qd.jpg,YFT
k95u45mlc1.jpg,YFT
kg04vvdd9h.jpg,YFT
kluxqp8agl.jpg,ALB
kn7zvrcn3a.jpg,ALB
knd44e80m2.jpg,ALB
ksiewakt4a.jpg,ALB
kucdf60cyk.jpg,YFT
l1ujf7ba3m.jpg,ALB
l48pl5ityw.jpg,YFT
l9vfo344md.jpg,YFT
ldtsmj7mrz.jpg,YFT
lkm4u7zmp0.jpg,NoF
lm0i0f0f5g.jpg,ALB
lmbf0pd463.jpg,ALB
lwhxrjz9gq.jpg,NoF
m1kfnt9kks.jpg,YFT
m8l1msx662.jpg,ALB
m99d3zgcfl.jpg,ALB
megga3nxl1.jpg,NoF
mgfsk7tmaj.jpg,YFT
mhtbprc17x.jpg,ALB
mjk76yxovm.jpg,NoF
mqh5vyrg45.jpg,YFT
mqo6s6q4im.jpg,ALB
mrynttc7vt.jpg,YFT
mrzldzib06.jpg,YFT
mtparvgx8h.jpg,ALB
mvh2u08iax.jpg,NoF
n8o9korzhe.jpg,ALB
nah65uruf4.jpg,YFT
nh7tnw6bhd.jpg,ALB
nhfwc120j7.jpg,NoF
nr15cjc3s7.jpg,YFT
nrxfu43wpa.jpg,YFT
nu22fa9ej9.jpg,YFT
nvijr7k8mh.jpg,NoF
nz50elgfbd.jpg,ALB
o30zy2lpee.jpg,ALB
o4xuzg7uj2.jpg,YFT
obtgkzexje.jpg,ALB
olqf8znm3g.jpg,NoF
oncyu6olnq.jpg,YFT
oopd5w3na8.jpg,YFT
op0tit8afm.jpg,NoF
oqcfj6vb50.jpg,YFT
osk71sosll.jpg,YFT
otmezlh2yz.jpg,YFT
otr2xi6a3n.jpg,YFT
ow4c61dd4j.jpg,ALB
ox2s5er208.jpg,NoF
p8e6d8vdih.jpg,YFT
pd6krghodq.jpg,ALB
phmnv44b7p.jpg,ALB
pne8up5cp2.jpg,ALB
ptku9m7dv8.jpg,YFT
pxjhvgu8yj.jpg,YFT
q1xnfno0e7.jpg,ALB
q2ykd78tyk.jpg,ALB
q4h4ycnfh2.jpg,YFT
q6m4bqx1bo.jpg,NoF
q81s89y4qu.jpg,YFT
q89jy0zh51.jpg,ALB
q8cjmth3gm.jpg,YFT
qjm7xzdbiv.jpg,ALB
qtf9qthc8p.jpg,ALB
qvp0kz6mg0.jpg,NoF
qwg4cx47pf.jpg,ALB
qzz5qqdqq2.jpg,NoF
rk7wlk7nhs.jpg,YFT
rlvylji9di.jpg,YFT
roixow012c.jpg,YFT
rornmgthct.jpg,ALB
rpy9avaos9.jpg,YFT
rqo2d4ehfu.jpg,NoF
rqso1hakgg.jpg,YFT
rsmu6lse6d.jpg,YFT
rsqg7yo2qn.jpg,NoF
rz13d1lahj.jpg,ALB
s4ybusrkrj.jpg,NoF
s6z68pfn7t.jpg,YFT
s7iw2re1zj.jpg,NoF
s8ucqoeozw.jpg,ALB
sa1n1nmk7b.jpg,OTHER
sa466jpwpp.jpg,YFT
snhy4sq1iv.jpg,OTHER
sprhqxjzp2.jpg,OTHER
ss27j3z5p5.jpg,NoF
ssp7xy74rb.jpg,OTHER
sthrhwlmww.jpg,OTHER
sxiltxjv16.jpg,NoF
sz6d7lw74f.jpg,NoF
sz9hjubxjj.jpg,YFT
t054vjjjjd.jpg,OTHER
t11cz01z4g.jpg,OTHER
t1hapkug07.jpg,OTHER
t3as46z8zz.jpg,OTHER
t3jgczchuz.jpg,ALB
t43xtk0qmz.jpg,OTHER
t4j73nz50v.jpg,ALB
t575f7mwra.jpg,ALB
t9un7bcn7z.jpg,OTHER
tbiwna4bpj.jpg,OTHER
tcdi1cgm0z.jpg,OTHER
tdmbpwquno.jpg,OTHER
texy7ho13p.jpg,OTHER
tg6j9ee0t0.jpg,NoF
tiau6pgso5.jpg,ALB
tqajbhd9uz.jpg,ALB
tr2k22siwj.jpg,OTHER
tr2vyq3fnl.jpg,ALB
ttmorwwx1m.jpg,OTHER
ttzveuxwem.jpg,OTHER
twvrp8gnzs.jpg,OTHER
u0h77ycby7.jpg,YFT
u1oaiulgtp.jpg,ALB
u25gk5178o.jpg,OTHER
u5gke6ivo1.jpg,ALB
u7cs7d4a8k.jpg,OTHER
ubaqj51i7u.jpg,YFT
uc3918dj6d.jpg,YFT
uh2bjkzntb.jpg,YFT
uht839dc5q.jpg,NoF
uiwxalq0qo.jpg,ALB
ukyg9ure1m.jpg,OTHER
ul50dh4nvi.jpg,NoF
ulwkb2zjj6.jpg,ALB
uncp1q3e12.jpg,OTHER
uo37foxjrp.jpg,OTHER
upkrv6b6bl.jpg,ALB
urj1cp6tg9.jpg,YFT
usc2gx2un8.jpg,OTHER
ut0w1ko5yf.jpg,YFT
uv9ie92ghf.jpg,OTHER
uxk6gf5xv3.jpg,OTHER
uy4we3tskc.jpg,YFT
v37eqmpr8h.jpg,OTHER
v3i346vurs.jpg,YFT
v6j17yn9ow.jpg,NoF
v7mdeej959.jpg,YFT
v9gb4yyeh8.jpg,OTHER
v9hgadf11i.jpg,NoF
vaqi6qipna.jpg,YFT
vdggxxuafr.jpg,OTHER
vdvj2qgne5.jpg,ALB
vixdlqfh0c.jpg,OTHER
vizo4k1eml.jpg,OTHER
vjfk5un9a3.jpg,YFT
vl3ji8bpr8.jpg,YFT
vl8bsqm9vm.jpg,YFT
vl8setld81.jpg,ALB
vmlvp8iqda.jpg,ALB
vod5sot4xh.jpg,OTHER
vou6zi3h2p.jpg,OTHER
vp7l0ujfw2.jpg,NoF
vpmrrmbo4b.jpg,OTHER
vqm1xfk4xy.jpg,OTHER
vremdvfz7c.jpg,OTHER
vrys0x7r7v.jpg,YFT
vrz3mkjl2p.jpg,YFT
vt9jm5nflg.jpg,ALB
vtnmjb2277.jpg,ALB
vvo6oeeme0.jpg,YFT
vw7e4j2nei.jpg,ALB
vxbb7tu6p7.jpg,NoF
vzts5psuyg.jpg,OTHER
w3g4a6xb03.jpg,YFT
w7jawtx2gf.jpg,OTHER
wbb6hebnwe.jpg,ALB
wck2ylm1fu.jpg,ALB
wd3d6hiuwv.jpg,ALB
we1alhbvb5.jpg,NoF
wi7vgtavuf.jpg,OTHER
wmc36sioos.jpg,OTHER
wp9jkgtop6.jpg,YFT
wq92kme68p.jpg,ALB
wr1bq0ks0y.jpg,NoF
wvmuy9qip4.jpg,YFT
wxek3un4ob.jpg,ALB
wyvfdjjm86.jpg,YFT
x06x91qd1n.jpg,NoF
x0x8n78wyh.jpg,ALB
x2c58xb4lt.jpg,OTHER
x666vdk4or.jpg,YFT
x6o9zz7v9d.jpg,YFT
xb0crf3rin.jpg,OTHER
xb2dn5ck3r.jpg,ALB
xcu5swrffw.jpg,NoF
xevdcj8yw5.jpg,NoF
xic1tis3wf.jpg,ALB
xifouix44s.jpg,OTHER
xns6syydck.jpg,OTHER
xqj3cy18zp.jpg,OTHER
xs0ksxzd3l.jpg,YFT
xt06sk2q7o.jpg,ALB
xz6qzbl94t.jpg,YFT
xztb47k7gm.jpg,ALB
y2hjz4ajml.jpg,ALB
y48t49uu5u.jpg,ALB
y4e6t9tadr.jpg,ALB
y8awigl5ji.jpg,OTHER
y9dj6boybu.jpg,OTHER
ybrvjukpiy.jpg,YFT
yhijdpseh5.jpg,YFT
yilgiiszv2.jpg,ALB
yj7cs9cdbz.jpg,OTHER
yp6w5zev25.jpg,NoF
yqqs14haxw.jpg,OTHER
ysvigruyko.jpg,YFT
yt1830yvsg.jpg,YFT
yuetiw9r4g.jpg,OTHER
yzyogsq2y5.jpg,YFT
z07l94qpiz.jpg,YFT
z0lh38o0l5.jpg,YFT
z0s02x63es.jpg,ALB
z275npdfkm.jpg,YFT
z4blpqvkjy.jpg,YFT
z5jhbg3rda.jpg,YFT
z6qzxi88yc.jpg,OTHER
z8klwxanmg.jpg,YFT
z9j1vq5hsf.jpg,ALB
z9ndc970hr.jpg,OTHER
z9vo9u2j4k.jpg,OTHER
zc2vnyamdy.jpg,NoF
zi9uhcplxu.jpg,ALB
zmgq9ucisi.jpg,OTHER
znsx4xkv8w.jpg,ALB
zp9z3ikb5l.jpg,ALB
zt5hww356w.jpg,YFT
zv05q7bkuc.jpg,OTHER
zzyy3g44t2.jpg,NoF
